Company,diff
AZN,0.13207951714010793
HSBC,0.005723504459156849
SHEL,0.05805786132812493
TSCO,0.8706284317315797
VOD,-0.01625148922789341
